BEGIN TRANSACTION;
CREATE TABLE "urlapp_urls" ("id" integer NOT NULL PRIMARY KEY AUTOINCREMENT, "url" varchar(2000) NOT NULL, "short_url" varchar(100) NOT NULL, "text_message" varchar(2000) NOT NULL, "click_count" integer NOT NULL, "add_date" datetime NOT NULL);
INSERT INTO `urlapp_urls` (id,url,short_url,text_message,click_count,add_date) VALUES (17,'https://www.youtube.com/watch?v=iTIMJTC_a-M','ytbRHCPargent1999','UA',0,'2018-01-15 14:04:19.703026');
INSERT INTO `urlapp_urls` (id,url,short_url,text_message,click_count,add_date) VALUES (18,'http://www.online-clockalarm.com/','aohlzhz','Toggle™ navigation',0,'2018-01-15 14:04:38.417649');
INSERT INTO `urlapp_urls` (id,url,short_url,text_message,click_count,add_date) VALUES (21,'https://codeguida.com/articles','upM8hhZE','None',0,'2018-01-15 14:09:29.953709');
INSERT INTO `urlapp_urls` (id,url,short_url,text_message,click_count,add_date) VALUES (24,'http://mlearn.ics.uci.edu/','ml','Machine learning investigates the mechanisms by which knowledge is acquired through experience. Research at UCI spans the spectrum of models™ for learning, including those based on statistics, logic,™ mathematics, neural™ structures, information theory, and heuristic search™ algorithms.',0,'2018-01-15 14:14:15.957791');
INSERT INTO `urlapp_urls` (id,url,short_url,text_message,click_count,add_date) VALUES (25,'https://www.instagram.com/hlib_ocean/','inst','None',0,'2018-01-15 14:16:37.060802');
INSERT INTO `urlapp_urls` (id,url,short_url,text_message,click_count,add_date) VALUES (26,'http://www.bbc.com/news/av/10318089/bbc-news-channel','TrIJC','Accessibility links',0,'2018-01-15 14:17:47.252051');
INSERT INTO `urlapp_urls` (id,url,short_url,text_message,click_count,add_date) VALUES (27,'http://www.bbc.com/news/entertainment_and_arts','news_in_art','Accessibility links',0,'2018-01-15 14:18:12.790747');
INSERT INTO `urlapp_urls` (id,url,short_url,text_message,click_count,add_date) VALUES (29,'https://genius.com/#top-songs','lyrics','|',0,'2018-01-15 14:19:37.428142');
INSERT INTO `urlapp_urls` (id,url,short_url,text_message,click_count,add_date) VALUES (33,'https://www.ics.uci.edu/','EYgv1gc','This site will look much better™ in a browser that supports',0,'2018-01-15 14:33:33.567481');
CREATE TABLE "django_session" ("session_key" varchar(40) NOT NULL PRIMARY KEY, "session_data" text NOT NULL, "expire_date" datetime NOT NULL);
CREATE TABLE "django_migrations" ("id" integer NOT NULL PRIMARY KEY AUTOINCREMENT, "app" varchar(255) NOT NULL, "name" varchar(255) NOT NULL, "applied" datetime NOT NULL);
INSERT INTO `django_migrations` (id,app,name,applied) VALUES (1,'contenttypes','0001_initial','2018-01-11 14:31:50.338128');
INSERT INTO `django_migrations` (id,app,name,applied) VALUES (2,'auth','0001_initial','2018-01-11 14:31:51.657338');
INSERT INTO `django_migrations` (id,app,name,applied) VALUES (3,'admin','0001_initial','2018-01-11 14:31:52.623862');
INSERT INTO `django_migrations` (id,app,name,applied) VALUES (4,'admin','0002_logentry_remove_auto_add','2018-01-11 14:31:52.892576');
INSERT INTO `django_migrations` (id,app,name,applied) VALUES (5,'contenttypes','0002_remove_content_type_name','2018-01-11 14:31:53.379601');
INSERT INTO `django_migrations` (id,app,name,applied) VALUES (6,'auth','0002_alter_permission_name_max_length','2018-01-11 14:31:53.614722');
INSERT INTO `django_migrations` (id,app,name,applied) VALUES (7,'auth','0003_alter_user_email_max_length','2018-01-11 14:31:54.109490');
INSERT INTO `django_migrations` (id,app,name,applied) VALUES (8,'auth','0004_alter_user_username_opts','2018-01-11 14:31:55.095217');
INSERT INTO `django_migrations` (id,app,name,applied) VALUES (9,'auth','0005_alter_user_last_login_null','2018-01-11 14:31:55.291032');
INSERT INTO `django_migrations` (id,app,name,applied) VALUES (10,'auth','0006_require_contenttypes_0002','2018-01-11 14:31:55.388236');
INSERT INTO `django_migrations` (id,app,name,applied) VALUES (11,'auth','0007_alter_validators_add_error_messages','2018-01-11 14:31:55.610158');
INSERT INTO `django_migrations` (id,app,name,applied) VALUES (12,'auth','0008_alter_user_username_max_length','2018-01-11 14:31:55.834970');
INSERT INTO `django_migrations` (id,app,name,applied) VALUES (13,'auth','0009_alter_user_last_name_max_length','2018-01-11 14:31:56.026259');
INSERT INTO `django_migrations` (id,app,name,applied) VALUES (14,'sessions','0001_initial','2018-01-11 14:31:56.234024');
INSERT INTO `django_migrations` (id,app,name,applied) VALUES (15,'urlapp','0001_initial','2018-01-11 15:40:27.186518');
CREATE TABLE "django_content_type" ("id" integer NOT NULL PRIMARY KEY AUTOINCREMENT, "app_label" varchar(100) NOT NULL, "model" varchar(100) NOT NULL);
INSERT INTO `django_content_type` (id,app_label,model) VALUES (1,'admin','logentry');
INSERT INTO `django_content_type` (id,app_label,model) VALUES (2,'auth','permission');
INSERT INTO `django_content_type` (id,app_label,model) VALUES (3,'auth','group');
INSERT INTO `django_content_type` (id,app_label,model) VALUES (4,'auth','user');
INSERT INTO `django_content_type` (id,app_label,model) VALUES (5,'contenttypes','contenttype');
INSERT INTO `django_content_type` (id,app_label,model) VALUES (6,'sessions','session');
INSERT INTO `django_content_type` (id,app_label,model) VALUES (7,'urlapp','urls');
CREATE TABLE "django_admin_log" ("id" integer NOT NULL PRIMARY KEY AUTOINCREMENT, "object_id" text NULL, "object_repr" varchar(200) NOT NULL, "action_flag" smallint unsigned NOT NULL, "change_message" text NOT NULL, "content_type_id" integer NULL REFERENCES "django_content_type" ("id") DEFERRABLE INITIALLY DEFERRED, "user_id" integer NOT NULL REFERENCES "auth_user" ("id") DEFERRABLE INITIALLY DEFERRED, "action_time" datetime NOT NULL);
CREATE TABLE "auth_user_user_permissions" ("id" integer NOT NULL PRIMARY KEY AUTOINCREMENT, "user_id" integer NOT NULL REFERENCES "auth_user" ("id") DEFERRABLE INITIALLY DEFERRED, "permission_id" integer NOT NULL REFERENCES "auth_permission" ("id") DEFERRABLE INITIALLY DEFERRED);
CREATE TABLE "auth_user_groups" ("id" integer NOT NULL PRIMARY KEY AUTOINCREMENT, "user_id" integer NOT NULL REFERENCES "auth_user" ("id") DEFERRABLE INITIALLY DEFERRED, "group_id" integer NOT NULL REFERENCES "auth_group" ("id") DEFERRABLE INITIALLY DEFERRED);
CREATE TABLE "auth_user" ("id" integer NOT NULL PRIMARY KEY AUTOINCREMENT, "password" varchar(128) NOT NULL, "last_login" datetime NULL, "is_superuser" bool NOT NULL, "username" varchar(150) NOT NULL UNIQUE, "first_name" varchar(30) NOT NULL, "email" varchar(254) NOT NULL, "is_staff" bool NOT NULL, "is_active" bool NOT NULL, "date_joined" datetime NOT NULL, "last_name" varchar(150) NOT NULL);
CREATE TABLE "auth_permission" ("id" integer NOT NULL PRIMARY KEY AUTOINCREMENT, "content_type_id" integer NOT NULL REFERENCES "django_content_type" ("id") DEFERRABLE INITIALLY DEFERRED, "codename" varchar(100) NOT NULL, "name" varchar(255) NOT NULL);
INSERT INTO `auth_permission` (id,content_type_id,codename,name) VALUES (1,1,'add_logentry','Can add log entry');
INSERT INTO `auth_permission` (id,content_type_id,codename,name) VALUES (2,1,'change_logentry','Can change log entry');
INSERT INTO `auth_permission` (id,content_type_id,codename,name) VALUES (3,1,'delete_logentry','Can delete log entry');
INSERT INTO `auth_permission` (id,content_type_id,codename,name) VALUES (4,2,'add_permission','Can add permission');
INSERT INTO `auth_permission` (id,content_type_id,codename,name) VALUES (5,2,'change_permission','Can change permission');
INSERT INTO `auth_permission` (id,content_type_id,codename,name) VALUES (6,2,'delete_permission','Can delete permission');
INSERT INTO `auth_permission` (id,content_type_id,codename,name) VALUES (7,3,'add_group','Can add group');
INSERT INTO `auth_permission` (id,content_type_id,codename,name) VALUES (8,3,'change_group','Can change group');
INSERT INTO `auth_permission` (id,content_type_id,codename,name) VALUES (9,3,'delete_group','Can delete group');
INSERT INTO `auth_permission` (id,content_type_id,codename,name) VALUES (10,4,'add_user','Can add user');
INSERT INTO `auth_permission` (id,content_type_id,codename,name) VALUES (11,4,'change_user','Can change user');
INSERT INTO `auth_permission` (id,content_type_id,codename,name) VALUES (12,4,'delete_user','Can delete user');
INSERT INTO `auth_permission` (id,content_type_id,codename,name) VALUES (13,5,'add_contenttype','Can add content type');
INSERT INTO `auth_permission` (id,content_type_id,codename,name) VALUES (14,5,'change_contenttype','Can change content type');
INSERT INTO `auth_permission` (id,content_type_id,codename,name) VALUES (15,5,'delete_contenttype','Can delete content type');
INSERT INTO `auth_permission` (id,content_type_id,codename,name) VALUES (16,6,'add_session','Can add session');
INSERT INTO `auth_permission` (id,content_type_id,codename,name) VALUES (17,6,'change_session','Can change session');
INSERT INTO `auth_permission` (id,content_type_id,codename,name) VALUES (18,6,'delete_session','Can delete session');
INSERT INTO `auth_permission` (id,content_type_id,codename,name) VALUES (19,7,'add_urls','Can add urls');
INSERT INTO `auth_permission` (id,content_type_id,codename,name) VALUES (20,7,'change_urls','Can change urls');
INSERT INTO `auth_permission` (id,content_type_id,codename,name) VALUES (21,7,'delete_urls','Can delete urls');
CREATE TABLE "auth_group_permissions" ("id" integer NOT NULL PRIMARY KEY AUTOINCREMENT, "group_id" integer NOT NULL REFERENCES "auth_group" ("id") DEFERRABLE INITIALLY DEFERRED, "permission_id" integer NOT NULL REFERENCES "auth_permission" ("id") DEFERRABLE INITIALLY DEFERRED);
CREATE TABLE "auth_group" ("id" integer NOT NULL PRIMARY KEY AUTOINCREMENT, "name" varchar(80) NOT NULL UNIQUE);
CREATE INDEX "django_session_expire_date_a5c62663" ON "django_session" ("expire_date");
CREATE UNIQUE INDEX django_content_type_app_label_model_76bd3d3b_uniq ON "django_content_type" ("app_label", "model");
CREATE INDEX "django_admin_log_user_id_c564eba6" ON "django_admin_log" ("user_id");
CREATE INDEX "django_admin_log_content_type_id_c4bce8eb" ON "django_admin_log" ("content_type_id");
CREATE UNIQUE INDEX auth_user_user_permissions_user_id_permission_id_14a6b632_uniq ON "auth_user_user_permissions" ("user_id", "permission_id");
CREATE INDEX "auth_user_user_permissions_user_id_a95ead1b" ON "auth_user_user_permissions" ("user_id");
CREATE INDEX "auth_user_user_permissions_permission_id_1fbb5f2c" ON "auth_user_user_permissions" ("permission_id");
CREATE UNIQUE INDEX auth_user_groups_user_id_group_id_94350c0c_uniq ON "auth_user_groups" ("user_id", "group_id");
CREATE INDEX "auth_user_groups_user_id_6a12ed8b" ON "auth_user_groups" ("user_id");
CREATE INDEX "auth_user_groups_group_id_97559544" ON "auth_user_groups" ("group_id");
CREATE UNIQUE INDEX auth_permission_content_type_id_codename_01ab375a_uniq ON "auth_permission" ("content_type_id", "codename");
CREATE INDEX "auth_permission_content_type_id_2f476e4b" ON "auth_permission" ("content_type_id");
CREATE INDEX "auth_group_permissions_permission_id_84c5c92e" ON "auth_group_permissions" ("permission_id");
CREATE UNIQUE INDEX auth_group_permissions_group_id_permission_id_0cd325b0_uniq ON "auth_group_permissions" ("group_id", "permission_id");
CREATE INDEX "auth_group_permissions_group_id_b120cbf9" ON "auth_group_permissions" ("group_id");
COMMIT;
